{
  "example.local": {
    "A": "192.168.1.100",
    "ttl": 300
  },
  "mydev.local": {
    "A": "127.0.0.1",
    "ttl": 10
  },
  "google.local": {
    "A": "8.8.8.8",
    "ttl": 60
  },
  "test.local": {
    "A": "10.0.0.1",
    "ttl": 300
  },
  "api.local": {
    "A": "192.168.1.50",
    "ttl": 300
  },
  "db.local": {
    "A": "192.168.1.60",
    "ttl": 300
  },
  "mail.local": {
    "A": "192.168.1.70",
    "ttl": 300
  },
  "web.local": {
    "A": "192.168.1.80",
    "ttl": 300
  },
  "dev.local": {
    "A": "192.168.1.90",
    "ttl": 300
  },
  "staging.local": {
    "A": "192.168.1.95",
    "ttl": 300
  },
  "blocked-ads.local": {
    "A": "0.0.0.0",
    "ttl": 86400
  },
  "doubleclick.net": {
    "A": "0.0.0.0",
    "ttl": 86400
  },
  "googlesyndication.com": {
    "A": "0.0.0.0",
    "ttl": 86400
  },
  "adservice.google.com": {
    "A": "0.0.0.0",
    "ttl": 86400
  }
}
